{
    "manifestVersion": 1,
    "id": "katalon-devops-extension",
    "name": "Katalon Extension",
    "version": "0.0.19",
    "publisher": "azure-devops-extension",
    "targets": [
        {
            "id": "Microsoft.VisualStudio.Services"
        }
    ],    
    "description": "Katalon Devops Extension",
    "categories": [
        "Azure Pipelines"
    ],
    "icons": {
        "default": "images/extension-icon.png"        
    },
    "files": [
        {
            "path": "katalonTask"
        }
        
    ],
    "contributions": [
        {
            "id": "katalon-devops-extension",
            "type": "ms.vss-distributed-task.task",
            "targets": [
                "ms.vss-distributed-task.tasks"
            ],
            "properties": {
                "name": "katalonTask"
            }
        }
    ]
}